"visit_date","visitor_local","visitor_foreigner"
201801,1044956,57422
201802,892863,57046
201803,1033778,80615
201804,1224521,86682
201805,1205904,91071
201806,1178012,115716
201807,1122890,114159
201808,1146756,131772
201809,1098591,122998
201810,1128247,135475
201811,1036031,117564
201812,976580,114312