visit_date_num,visitor_local,visitor_foreigner,local_corona,covid_china,covid_japan,male,female,category1,category7,category8,category9,category10,category11,category12,category14,category2,category3,category4,category5,category6,category13,sales_per_counts
201801_1,1044956,57422,0,0,0,1.0,0.0,1.0,0.0,0.0,0.0,0.0,0.0,0.0,0.0,0,0,0,0,0,0,186020.60672791136
201801_2,1044956,57422,0,0,0,0.0,1.0,1.0,0.0,0.0,0.0,0.0,0.0,0.0,0.0,0,0,0,0,0,0,146030.4135338346
201801_3,1044956,57422,0,0,0,1.0,0.0,0.0,1.0,0.0,0.0,0.0,0.0,0.0,0.0,0,0,0,0,0,0,25657.25798926188
201801_4,1044956,57422,0,0,0,0.0,1.0,0.0,1.0,0.0,0.0,0.0,0.0,0.0,0.0,0,0,0,0,0,0,20349.671662585493
201801_5,1044956,57422,0,0,0,1.0,0.0,0.0,0.0,1.0,0.0,0.0,0.0,0.0,0.0,0,0,0,0,0,0,203305.1913858222
201801_6,1044956,57422,0,0,0,0.0,1.0,0.0,0.0,1.0,0.0,0.0,0.0,0.0,0.0,0,0,0,0,0,0,105990.78078962876
201801_7,1044956,57422,0,0,0,1.0,0.0,0.0,0.0,0.0,1.0,0.0,0.0,0.0,0.0,0,0,0,0,0,0,72001.14750830564
201801_8,1044956,57422,0,0,0,0.0,1.0,0.0,0.0,0.0,1.0,0.0,0.0,0.0,0.0,0,0,0,0,0,0,58146.73333333333
201801_9,1044956,57422,0,0,0,1.0,0.0,0.0,0.0,0.0,0.0,1.0,0.0,0.0,0.0,0,0,0,0,0,0,13241.608319837294
201801_10,1044956,57422,0,0,0,0.0,1.0,0.0,0.0,0.0,0.0,1.0,0.0,0.0,0.0,0,0,0,0,0,0,12677.54408803426
201801_11,1044956,57422,0,0,0,1.0,0.0,0.0,0.0,0.0,0.0,0.0,1.0,0.0,0.0,0,0,0,0,0,0,27778.47984668146
201801_12,1044956,57422,0,0,0,0.0,1.0,0.0,0.0,0.0,0.0,0.0,1.0,0.0,0.0,0,0,0,0,0,0,27843.9947940591
201801_13,1044956,57422,0,0,0,1.0,0.0,0.0,0.0,0.0,0.0,0.0,0.0,1.0,0.0,0,0,0,0,0,0,10162.94208677686
201801_14,1044956,57422,0,0,0,0.0,1.0,0.0,0.0,0.0,0.0,0.0,0.0,1.0,0.0,0,0,0,0,0,0,9971.484013570474
201801_15,1044956,57422,0,0,0,1.0,0.0,0.0,0.0,0.0,0.0,0.0,0.0,0.0,1.0,0,0,0,0,0,0,40203.51353476088
201801_16,1044956,57422,0,0,0,0.0,1.0,0.0,0.0,0.0,0.0,0.0,0.0,0.0,1.0,0,0,0,0,0,0,35934.47590453257
201802_1,892863,57046,0,0,0,1.0,0.0,1.0,0.0,0.0,0.0,0.0,0.0,0.0,0.0,0,0,0,0,0,0,189653.7503842607
201802_2,892863,57046,0,0,0,0.0,1.0,1.0,0.0,0.0,0.0,0.0,0.0,0.0,0.0,0,0,0,0,0,0,159164.7973997833
201802_3,892863,57046,0,0,0,1.0,0.0,0.0,1.0,0.0,0.0,0.0,0.0,0.0,0.0,0,0,0,0,0,0,25281.610293830727
201802_4,892863,57046,0,0,0,0.0,1.0,0.0,1.0,0.0,0.0,0.0,0.0,0.0,0.0,0,0,0,0,0,0,20338.340347168843
201802_5,892863,57046,0,0,0,1.0,0.0,0.0,0.0,1.0,0.0,0.0,0.0,0.0,0.0,0,0,0,0,0,0,206655.77678648767
201802_6,892863,57046,0,0,0,0.0,1.0,0.0,0.0,1.0,0.0,0.0,0.0,0.0,0.0,0,0,0,0,0,0,105327.29918864096
201802_7,892863,57046,0,0,0,1.0,0.0,0.0,0.0,0.0,1.0,0.0,0.0,0.0,0.0,0,0,0,0,0,0,70229.6254553133
201802_8,892863,57046,0,0,0,0.0,1.0,0.0,0.0,0.0,1.0,0.0,0.0,0.0,0.0,0,0,0,0,0,0,56617.92527943653
201802_9,892863,57046,0,0,0,1.0,0.0,0.0,0.0,0.0,0.0,1.0,0.0,0.0,0.0,0,0,0,0,0,0,14662.27934042507
201802_10,892863,57046,0,0,0,0.0,1.0,0.0,0.0,0.0,0.0,1.0,0.0,0.0,0.0,0,0,0,0,0,0,14012.7974906306
201802_11,892863,57046,0,0,0,1.0,0.0,0.0,0.0,0.0,0.0,0.0,1.0,0.0,0.0,0,0,0,0,0,0,27942.87791636097
201802_12,892863,57046,0,0,0,0.0,1.0,0.0,0.0,0.0,0.0,0.0,1.0,0.0,0.0,0,0,0,0,0,0,28365.46590246746
201802_13,892863,57046,0,0,0,1.0,0.0,0.0,0.0,0.0,0.0,0.0,0.0,1.0,0.0,0,0,0,0,0,0,10165.398462360346
201802_14,892863,57046,0,0,0,0.0,1.0,0.0,0.0,0.0,0.0,0.0,0.0,1.0,0.0,0,0,0,0,0,0,9992.57301661596
201802_15,892863,57046,0,0,0,1.0,0.0,0.0,0.0,0.0,0.0,0.0,0.0,0.0,1.0,0,0,0,0,0,0,39739.29162050199
201802_16,892863,57046,0,0,0,0.0,1.0,0.0,0.0,0.0,0.0,0.0,0.0,0.0,1.0,0,0,0,0,0,0,35067.1038792005
201803_1,1033778,80615,0,0,0,1.0,0.0,1.0,0.0,0.0,0.0,0.0,0.0,0.0,0.0,0,0,0,0,0,0,187247.9107261825
201803_2,1033778,80615,0,0,0,0.0,1.0,1.0,0.0,0.0,0.0,0.0,0.0,0.0,0.0,0,0,0,0,0,0,150933.84831460673
201803_3,1033778,80615,0,0,0,1.0,0.0,0.0,1.0,0.0,0.0,0.0,0.0,0.0,0.0,0,0,0,0,0,0,24546.267610200543
201803_4,1033778,80615,0,0,0,0.0,1.0,0.0,1.0,0.0,0.0,0.0,0.0,0.0,0.0,0,0,0,0,0,0,19436.90496463191
201803_5,1033778,80615,0,0,0,1.0,0.0,0.0,0.0,1.0,0.0,0.0,0.0,0.0,0.0,0,0,0,0,0,0,214639.06403637203
201803_6,1033778,80615,0,0,0,0.0,1.0,0.0,0.0,1.0,0.0,0.0,0.0,0.0,0.0,0,0,0,0,0,0,112376.4072039072
201803_7,1033778,80615,0,0,0,1.0,0.0,0.0,0.0,0.0,1.0,0.0,0.0,0.0,0.0,0,0,0,0,0,0,70240.3392921308
201803_8,1033778,80615,0,0,0,0.0,1.0,0.0,0.0,0.0,1.0,0.0,0.0,0.0,0.0,0,0,0,0,0,0,57508.34690633407
201803_9,1033778,80615,0,0,0,1.0,0.0,0.0,0.0,0.0,0.0,1.0,0.0,0.0,0.0,0,0,0,0,0,0,13371.165987623475
201803_10,1033778,80615,0,0,0,0.0,1.0,0.0,0.0,0.0,0.0,1.0,0.0,0.0,0.0,0,0,0,0,0,0,12757.203098058457
201803_11,1033778,80615,0,0,0,1.0,0.0,0.0,0.0,0.0,0.0,0.0,1.0,0.0,0.0,0,0,0,0,0,0,26271.523405956425
201803_12,1033778,80615,0,0,0,0.0,1.0,0.0,0.0,0.0,0.0,0.0,1.0,0.0,0.0,0,0,0,0,0,0,26996.376200515344
201803_13,1033778,80615,0,0,0,1.0,0.0,0.0,0.0,0.0,0.0,0.0,0.0,1.0,0.0,0,0,0,0,0,0,9964.017935987757
201803_14,1033778,80615,0,0,0,0.0,1.0,0.0,0.0,0.0,0.0,0.0,0.0,1.0,0.0,0,0,0,0,0,0,9712.20821160679
201803_15,1033778,80615,0,0,0,1.0,0.0,0.0,0.0,0.0,0.0,0.0,0.0,0.0,1.0,0,0,0,0,0,0,39308.72560230014
201803_16,1033778,80615,0,0,0,0.0,1.0,0.0,0.0,0.0,0.0,0.0,0.0,0.0,1.0,0,0,0,0,0,0,35525.637589828635
201804_1,1224521,86682,0,0,0,1.0,0.0,1.0,0.0,0.0,0.0,0.0,0.0,0.0,0.0,0,0,0,0,0,0,188841.6960242233
201804_2,1224521,86682,0,0,0,0.0,1.0,1.0,0.0,0.0,0.0,0.0,0.0,0.0,0.0,0,0,0,0,0,0,152762.18164794007
201804_3,1224521,86682,0,0,0,1.0,0.0,0.0,1.0,0.0,0.0,0.0,0.0,0.0,0.0,0,0,0,0,0,0,23915.420181729776
201804_4,1224521,86682,0,0,0,0.0,1.0,0.0,1.0,0.0,0.0,0.0,0.0,0.0,0.0,0,0,0,0,0,0,19698.57235455965
201804_5,1224521,86682,0,0,0,1.0,0.0,0.0,0.0,1.0,0.0,0.0,0.0,0.0,0.0,0,0,0,0,0,0,209287.9254343449
201804_6,1224521,86682,0,0,0,0.0,1.0,0.0,0.0,1.0,0.0,0.0,0.0,0.0,0.0,0,0,0,0,0,0,106058.28861903417
201804_7,1224521,86682,0,0,0,1.0,0.0,0.0,0.0,0.0,1.0,0.0,0.0,0.0,0.0,0,0,0,0,0,0,72654.26343823697
201804_8,1224521,86682,0,0,0,0.0,1.0,0.0,0.0,0.0,1.0,0.0,0.0,0.0,0.0,0,0,0,0,0,0,62268.92034494497
201804_9,1224521,86682,0,0,0,1.0,0.0,0.0,0.0,0.0,0.0,1.0,0.0,0.0,0.0,0,0,0,0,0,0,13343.185894346618
201804_10,1224521,86682,0,0,0,0.0,1.0,0.0,0.0,0.0,0.0,1.0,0.0,0.0,0.0,0,0,0,0,0,0,12789.36722705
201804_11,1224521,86682,0,0,0,1.0,0.0,0.0,0.0,0.0,0.0,0.0,1.0,0.0,0.0,0,0,0,0,0,0,26872.69134128345
201804_12,1224521,86682,0,0,0,0.0,1.0,0.0,0.0,0.0,0.0,0.0,1.0,0.0,0.0,0,0,0,0,0,0,26839.418781351436
201804_13,1224521,86682,0,0,0,1.0,0.0,0.0,0.0,0.0,0.0,0.0,0.0,1.0,0.0,0,0,0,0,0,0,9939.264775933458
201804_14,1224521,86682,0,0,0,0.0,1.0,0.0,0.0,0.0,0.0,0.0,0.0,1.0,0.0,0,0,0,0,0,0,9620.898554355355
201804_15,1224521,86682,0,0,0,1.0,0.0,0.0,0.0,0.0,0.0,0.0,0.0,0.0,1.0,0,0,0,0,0,0,40831.41778386964
201804_16,1224521,86682,0,0,0,0.0,1.0,0.0,0.0,0.0,0.0,0.0,0.0,0.0,1.0,0,0,0,0,0,0,37382.44069098425
201805_1,1205904,91071,0,0,0,1.0,0.0,1.0,0.0,0.0,0.0,0.0,0.0,0.0,0.0,0,0,0,0,0,0,188320.57857601027
201805_2,1205904,91071,0,0,0,0.0,1.0,1.0,0.0,0.0,0.0,0.0,0.0,0.0,0.0,0,0,0,0,0,0,145302.5304592315
201805_3,1205904,91071,0,0,0,1.0,0.0,0.0,1.0,0.0,0.0,0.0,0.0,0.0,0.0,0,0,0,0,0,0,24243.91056150694
201805_4,1205904,91071,0,0,0,0.0,1.0,0.0,1.0,0.0,0.0,0.0,0.0,0.0,0.0,0,0,0,0,0,0,20112.258685496752
201805_5,1205904,91071,0,0,0,1.0,0.0,0.0,0.0,1.0,0.0,0.0,0.0,0.0,0.0,0,0,0,0,0,0,201832.12105059868
201805_6,1205904,91071,0,0,0,0.0,1.0,0.0,0.0,1.0,0.0,0.0,0.0,0.0,0.0,0,0,0,0,0,0,108676.12185965924
201805_7,1205904,91071,0,0,0,1.0,0.0,0.0,0.0,0.0,1.0,0.0,0.0,0.0,0.0,0,0,0,0,0,0,69870.49523660784
201805_8,1205904,91071,0,0,0,0.0,1.0,0.0,0.0,0.0,1.0,0.0,0.0,0.0,0.0,0,0,0,0,0,0,60516.5876248396
201805_9,1205904,91071,0,0,0,1.0,0.0,0.0,0.0,0.0,0.0,1.0,0.0,0.0,0.0,0,0,0,0,0,0,13543.403494589083
201805_10,1205904,91071,0,0,0,0.0,1.0,0.0,0.0,0.0,0.0,1.0,0.0,0.0,0.0,0,0,0,0,0,0,13017.94646008757
201805_11,1205904,91071,0,0,0,1.0,0.0,0.0,0.0,0.0,0.0,0.0,1.0,0.0,0.0,0,0,0,0,0,0,27192.06247086247
201805_12,1205904,91071,0,0,0,0.0,1.0,0.0,0.0,0.0,0.0,0.0,1.0,0.0,0.0,0,0,0,0,0,0,27784.881488452906
201805_13,1205904,91071,0,0,0,1.0,0.0,0.0,0.0,0.0,0.0,0.0,0.0,1.0,0.0,0,0,0,0,0,0,9827.094416656357
201805_14,1205904,91071,0,0,0,0.0,1.0,0.0,0.0,0.0,0.0,0.0,0.0,1.0,0.0,0,0,0,0,0,0,9589.946468357606
201805_15,1205904,91071,0,0,0,1.0,0.0,0.0,0.0,0.0,0.0,0.0,0.0,0.0,1.0,0,0,0,0,0,0,40480.47139617694
201805_16,1205904,91071,0,0,0,0.0,1.0,0.0,0.0,0.0,0.0,0.0,0.0,0.0,1.0,0,0,0,0,0,0,36424.7765439621
201806_1,1178012,115716,0,0,0,1.0,0.0,1.0,0.0,0.0,0.0,0.0,0.0,0.0,0.0,0,0,0,0,0,0,190593.81255449
201806_2,1178012,115716,0,0,0,0.0,1.0,1.0,0.0,0.0,0.0,0.0,0.0,0.0,0.0,0,0,0,0,0,0,151520.19250253294
201806_3,1178012,115716,0,0,0,1.0,0.0,0.0,1.0,0.0,0.0,0.0,0.0,0.0,0.0,0,0,0,0,0,0,23560.935993678388
201806_4,1178012,115716,0,0,0,0.0,1.0,0.0,1.0,0.0,0.0,0.0,0.0,0.0,0.0,0,0,0,0,0,0,19447.64085154293
201806_5,1178012,115716,0,0,0,1.0,0.0,0.0,0.0,1.0,0.0,0.0,0.0,0.0,0.0,0,0,0,0,0,0,202777.0385028505
201806_6,1178012,115716,0,0,0,0.0,1.0,0.0,0.0,1.0,0.0,0.0,0.0,0.0,0.0,0,0,0,0,0,0,105214.36380200426
201806_7,1178012,115716,0,0,0,1.0,0.0,0.0,0.0,0.0,1.0,0.0,0.0,0.0,0.0,0,0,0,0,0,0,67448.55056567593
201806_8,1178012,115716,0,0,0,0.0,1.0,0.0,0.0,0.0,1.0,0.0,0.0,0.0,0.0,0,0,0,0,0,0,57728.71671979773
201806_9,1178012,115716,0,0,0,1.0,0.0,0.0,0.0,0.0,0.0,1.0,0.0,0.0,0.0,0,0,0,0,0,0,13016.206478196178
201806_10,1178012,115716,0,0,0,0.0,1.0,0.0,0.0,0.0,0.0,1.0,0.0,0.0,0.0,0,0,0,0,0,0,12464.474159067742
201806_11,1178012,115716,0,0,0,1.0,0.0,0.0,0.0,0.0,0.0,0.0,1.0,0.0,0.0,0,0,0,0,0,0,26738.94221086064
201806_12,1178012,115716,0,0,0,0.0,1.0,0.0,0.0,0.0,0.0,0.0,1.0,0.0,0.0,0,0,0,0,0,0,27180.093376764387
201806_13,1178012,115716,0,0,0,1.0,0.0,0.0,0.0,0.0,0.0,0.0,0.0,1.0,0.0,0,0,0,0,0,0,9724.969347870809
201806_14,1178012,115716,0,0,0,0.0,1.0,0.0,0.0,0.0,0.0,0.0,0.0,1.0,0.0,0,0,0,0,0,0,9655.033675758312
201806_15,1178012,115716,0,0,0,1.0,0.0,0.0,0.0,0.0,0.0,0.0,0.0,0.0,1.0,0,0,0,0,0,0,39320.55408595798
201806_16,1178012,115716,0,0,0,0.0,1.0,0.0,0.0,0.0,0.0,0.0,0.0,0.0,1.0,0,0,0,0,0,0,35486.06088482116
201807_1,1122890,114159,0,0,0,1.0,0.0,1.0,0.0,0.0,0.0,0.0,0.0,0.0,0.0,0,0,0,0,0,0,189075.18517433343
201807_2,1122890,114159,0,0,0,0.0,1.0,1.0,0.0,0.0,0.0,0.0,0.0,0.0,0.0,0,0,0,0,0,0,144040.97773475313
201807_3,1122890,114159,0,0,0,1.0,0.0,0.0,1.0,0.0,0.0,0.0,0.0,0.0,0.0,0,0,0,0,0,0,23632.744416211408
201807_4,1122890,114159,0,0,0,0.0,1.0,0.0,1.0,0.0,0.0,0.0,0.0,0.0,0.0,0,0,0,0,0,0,19812.21472489028
201807_5,1122890,114159,0,0,0,1.0,0.0,0.0,0.0,1.0,0.0,0.0,0.0,0.0,0.0,0,0,0,0,0,0,196883.9628685259
201807_6,1122890,114159,0,0,0,0.0,1.0,0.0,0.0,1.0,0.0,0.0,0.0,0.0,0.0,0,0,0,0,0,0,100478.23741007196
201807_7,1122890,114159,0,0,0,1.0,0.0,0.0,0.0,0.0,1.0,0.0,0.0,0.0,0.0,0,0,0,0,0,0,65816.4039297185
201807_8,1122890,114159,0,0,0,0.0,1.0,0.0,0.0,0.0,1.0,0.0,0.0,0.0,0.0,0,0,0,0,0,0,54969.976215498646
201807_9,1122890,114159,0,0,0,1.0,0.0,0.0,0.0,0.0,0.0,1.0,0.0,0.0,0.0,0,0,0,0,0,0,12719.925376845971
201807_10,1122890,114159,0,0,0,0.0,1.0,0.0,0.0,0.0,0.0,1.0,0.0,0.0,0.0,0,0,0,0,0,0,12153.68850940828
201807_11,1122890,114159,0,0,0,1.0,0.0,0.0,0.0,0.0,0.0,0.0,1.0,0.0,0.0,0,0,0,0,0,0,26711.221912249555
201807_12,1122890,114159,0,0,0,0.0,1.0,0.0,0.0,0.0,0.0,0.0,1.0,0.0,0.0,0,0,0,0,0,0,27311.918241108047
201807_13,1122890,114159,0,0,0,1.0,0.0,0.0,0.0,0.0,0.0,0.0,0.0,1.0,0.0,0,0,0,0,0,0,10188.76431697551
201807_14,1122890,114159,0,0,0,0.0,1.0,0.0,0.0,0.0,0.0,0.0,0.0,1.0,0.0,0,0,0,0,0,0,9725.217654456848
201807_15,1122890,114159,0,0,0,1.0,0.0,0.0,0.0,0.0,0.0,0.0,0.0,0.0,1.0,0,0,0,0,0,0,39234.98381536186
201807_16,1122890,114159,0,0,0,0.0,1.0,0.0,0.0,0.0,0.0,0.0,0.0,0.0,1.0,0,0,0,0,0,0,35189.15634741739
201808_1,1146756,131772,0,0,0,1.0,0.0,1.0,0.0,0.0,0.0,0.0,0.0,0.0,0.0,0,0,0,0,0,0,183920.6616596179
201808_2,1146756,131772,0,0,0,0.0,1.0,1.0,0.0,0.0,0.0,0.0,0.0,0.0,0.0,0,0,0,0,0,0,147875.798146241
201808_3,1146756,131772,0,0,0,1.0,0.0,0.0,1.0,0.0,0.0,0.0,0.0,0.0,0.0,0,0,0,0,0,0,23137.684309975342
201808_4,1146756,131772,0,0,0,0.0,1.0,0.0,1.0,0.0,0.0,0.0,0.0,0.0,0.0,0,0,0,0,0,0,20120.83544202754
201808_5,1146756,131772,0,0,0,1.0,0.0,0.0,0.0,1.0,0.0,0.0,0.0,0.0,0.0,0,0,0,0,0,0,195132.1356715823
201808_6,1146756,131772,0,0,0,0.0,1.0,0.0,0.0,1.0,0.0,0.0,0.0,0.0,0.0,0,0,0,0,0,0,96201.95645690429
201808_7,1146756,131772,0,0,0,1.0,0.0,0.0,0.0,0.0,1.0,0.0,0.0,0.0,0.0,0,0,0,0,0,0,67551.14038892504
201808_8,1146756,131772,0,0,0,0.0,1.0,0.0,0.0,0.0,1.0,0.0,0.0,0.0,0.0,0,0,0,0,0,0,56976.57891976927
201808_9,1146756,131772,0,0,0,1.0,0.0,0.0,0.0,0.0,0.0,1.0,0.0,0.0,0.0,0,0,0,0,0,0,12701.62917018581
201808_10,1146756,131772,0,0,0,0.0,1.0,0.0,0.0,0.0,0.0,1.0,0.0,0.0,0.0,0,0,0,0,0,0,12466.617984451408
201808_11,1146756,131772,0,0,0,1.0,0.0,0.0,0.0,0.0,0.0,0.0,1.0,0.0,0.0,0,0,0,0,0,0,27663.90542788282
201808_12,1146756,131772,0,0,0,0.0,1.0,0.0,0.0,0.0,0.0,0.0,1.0,0.0,0.0,0,0,0,0,0,0,27823.34082470197
201808_13,1146756,131772,0,0,0,1.0,0.0,0.0,0.0,0.0,0.0,0.0,0.0,1.0,0.0,0,0,0,0,0,0,9982.093087786428
201808_14,1146756,131772,0,0,0,0.0,1.0,0.0,0.0,0.0,0.0,0.0,0.0,1.0,0.0,0,0,0,0,0,0,9755.12118007026
201808_15,1146756,131772,0,0,0,1.0,0.0,0.0,0.0,0.0,0.0,0.0,0.0,0.0,1.0,0,0,0,0,0,0,39360.34580948892
201808_16,1146756,131772,0,0,0,0.0,1.0,0.0,0.0,0.0,0.0,0.0,0.0,0.0,1.0,0,0,0,0,0,0,35712.16360396111
201809_1,1098591,122998,0,0,0,1.0,0.0,1.0,0.0,0.0,0.0,0.0,0.0,0.0,0.0,0,0,0,0,0,0,189075.13829506465
201809_2,1098591,122998,0,0,0,0.0,1.0,1.0,0.0,0.0,0.0,0.0,0.0,0.0,0.0,0,0,0,0,0,0,155140.76779026218
201809_3,1098591,122998,0,0,0,1.0,0.0,0.0,1.0,0.0,0.0,0.0,0.0,0.0,0.0,0,0,0,0,0,0,23481.12585518814
201809_4,1098591,122998,0,0,0,0.0,1.0,0.0,1.0,0.0,0.0,0.0,0.0,0.0,0.0,0,0,0,0,0,0,19767.30583204656
201809_5,1098591,122998,0,0,0,1.0,0.0,0.0,0.0,1.0,0.0,0.0,0.0,0.0,0.0,0,0,0,0,0,0,208721.8608072716
201809_6,1098591,122998,0,0,0,0.0,1.0,0.0,0.0,1.0,0.0,0.0,0.0,0.0,0.0,0,0,0,0,0,0,100546.4314400459
201809_7,1098591,122998,0,0,0,1.0,0.0,0.0,0.0,0.0,1.0,0.0,0.0,0.0,0.0,0,0,0,0,0,0,68360.49890627629
201809_8,1098591,122998,0,0,0,0.0,1.0,0.0,0.0,0.0,1.0,0.0,0.0,0.0,0.0,0,0,0,0,0,0,56985.98396145872
201809_9,1098591,122998,0,0,0,1.0,0.0,0.0,0.0,0.0,0.0,1.0,0.0,0.0,0.0,0,0,0,0,0,0,13970.32868015661
201809_10,1098591,122998,0,0,0,0.0,1.0,0.0,0.0,0.0,0.0,1.0,0.0,0.0,0.0,0,0,0,0,0,0,13306.23730107864
201809_11,1098591,122998,0,0,0,1.0,0.0,0.0,0.0,0.0,0.0,0.0,1.0,0.0,0.0,0,0,0,0,0,0,27280.23030067895
201809_12,1098591,122998,0,0,0,0.0,1.0,0.0,0.0,0.0,0.0,0.0,1.0,0.0,0.0,0,0,0,0,0,0,27703.253753753757
201809_13,1098591,122998,0,0,0,1.0,0.0,0.0,0.0,0.0,0.0,0.0,0.0,1.0,0.0,0,0,0,0,0,0,9668.247691378268
201809_14,1098591,122998,0,0,0,0.0,1.0,0.0,0.0,0.0,0.0,0.0,0.0,1.0,0.0,0,0,0,0,0,0,9351.415512990709
201809_15,1098591,122998,0,0,0,1.0,0.0,0.0,0.0,0.0,0.0,0.0,0.0,0.0,1.0,0,0,0,0,0,0,39580.672320199774
201809_16,1098591,122998,0,0,0,0.0,1.0,0.0,0.0,0.0,0.0,0.0,0.0,0.0,1.0,0,0,0,0,0,0,35227.09535363983
201810_1,1128247,135475,0,0,0,1.0,0.0,1.0,0.0,0.0,0.0,0.0,0.0,0.0,0.0,0,0,0,0,0,0,188686.79415089008
201810_2,1128247,135475,0,0,0,0.0,1.0,1.0,0.0,0.0,0.0,0.0,0.0,0.0,0.0,0,0,0,0,0,0,155062.51923076922
201810_3,1128247,135475,0,0,0,1.0,0.0,0.0,1.0,0.0,0.0,0.0,0.0,0.0,0.0,0,0,0,0,0,0,23122.87082807144
201810_4,1128247,135475,0,0,0,0.0,1.0,0.0,1.0,0.0,0.0,0.0,0.0,0.0,0.0,0,0,0,0,0,0,19398.393568823438
201810_5,1128247,135475,0,0,0,1.0,0.0,0.0,0.0,1.0,0.0,0.0,0.0,0.0,0.0,0,0,0,0,0,0,212578.4969555426
201810_6,1128247,135475,0,0,0,0.0,1.0,0.0,0.0,1.0,0.0,0.0,0.0,0.0,0.0,0,0,0,0,0,0,117312.77409162716
201810_7,1128247,135475,0,0,0,1.0,0.0,0.0,0.0,0.0,1.0,0.0,0.0,0.0,0.0,0,0,0,0,0,0,68805.01530272787
201810_8,1128247,135475,0,0,0,0.0,1.0,0.0,0.0,0.0,1.0,0.0,0.0,0.0,0.0,0,0,0,0,0,0,59709.22160103213
201810_9,1128247,135475,0,0,0,1.0,0.0,0.0,0.0,0.0,0.0,1.0,0.0,0.0,0.0,0,0,0,0,0,0,12766.190802441964
201810_10,1128247,135475,0,0,0,0.0,1.0,0.0,0.0,0.0,0.0,1.0,0.0,0.0,0.0,0,0,0,0,0,0,12407.323143362832
201810_11,1128247,135475,0,0,0,1.0,0.0,0.0,0.0,0.0,0.0,0.0,1.0,0.0,0.0,0,0,0,0,0,0,27243.817763133266
201810_12,1128247,135475,0,0,0,0.0,1.0,0.0,0.0,0.0,0.0,0.0,1.0,0.0,0.0,0,0,0,0,0,0,27338.83108012956
201810_13,1128247,135475,0,0,0,1.0,0.0,0.0,0.0,0.0,0.0,0.0,0.0,1.0,0.0,0,0,0,0,0,0,9325.910998092815
201810_14,1128247,135475,0,0,0,0.0,1.0,0.0,0.0,0.0,0.0,0.0,0.0,1.0,0.0,0,0,0,0,0,0,9152.885626801151
201810_15,1128247,135475,0,0,0,1.0,0.0,0.0,0.0,0.0,0.0,0.0,0.0,0.0,1.0,0,0,0,0,0,0,39144.61085440239
201810_16,1128247,135475,0,0,0,0.0,1.0,0.0,0.0,0.0,0.0,0.0,0.0,0.0,1.0,0,0,0,0,0,0,35674.30060060166
201811_1,1036031,117564,0,0,0,1.0,0.0,1.0,0.0,0.0,0.0,0.0,0.0,0.0,0.0,0,0,0,0,0,0,188396.62924878605
201811_2,1036031,117564,0,0,0,0.0,1.0,1.0,0.0,0.0,0.0,0.0,0.0,0.0,0.0,0,0,0,0,0,0,159530.89005235603
201811_3,1036031,117564,0,0,0,1.0,0.0,0.0,1.0,0.0,0.0,0.0,0.0,0.0,0.0,0,0,0,0,0,0,23436.045635889237
201811_4,1036031,117564,0,0,0,0.0,1.0,0.0,1.0,0.0,0.0,0.0,0.0,0.0,0.0,0,0,0,0,0,0,19495.58801993861
201811_5,1036031,117564,0,0,0,1.0,0.0,0.0,0.0,1.0,0.0,0.0,0.0,0.0,0.0,0,0,0,0,0,0,210679.73034943733
201811_6,1036031,117564,0,0,0,0.0,1.0,0.0,0.0,1.0,0.0,0.0,0.0,0.0,0.0,0,0,0,0,0,0,112223.16619362978
201811_7,1036031,117564,0,0,0,1.0,0.0,0.0,0.0,0.0,1.0,0.0,0.0,0.0,0.0,0,0,0,0,0,0,71082.16017634093
201811_8,1036031,117564,0,0,0,0.0,1.0,0.0,0.0,0.0,1.0,0.0,0.0,0.0,0.0,0,0,0,0,0,0,57306.51520887728
201811_9,1036031,117564,0,0,0,1.0,0.0,0.0,0.0,0.0,0.0,1.0,0.0,0.0,0.0,0,0,0,0,0,0,13409.718857098094
201811_10,1036031,117564,0,0,0,0.0,1.0,0.0,0.0,0.0,0.0,1.0,0.0,0.0,0.0,0,0,0,0,0,0,12836.6228408543
201811_11,1036031,117564,0,0,0,1.0,0.0,0.0,0.0,0.0,0.0,0.0,1.0,0.0,0.0,0,0,0,0,0,0,26791.851565234298
201811_12,1036031,117564,0,0,0,0.0,1.0,0.0,0.0,0.0,0.0,0.0,1.0,0.0,0.0,0,0,0,0,0,0,26555.212880143117
201811_13,1036031,117564,0,0,0,1.0,0.0,0.0,0.0,0.0,0.0,0.0,0.0,1.0,0.0,0,0,0,0,0,0,9090.409624805714
201811_14,1036031,117564,0,0,0,0.0,1.0,0.0,0.0,0.0,0.0,0.0,0.0,1.0,0.0,0,0,0,0,0,0,8949.383218218545
201811_15,1036031,117564,0,0,0,1.0,0.0,0.0,0.0,0.0,0.0,0.0,0.0,0.0,1.0,0,0,0,0,0,0,39208.68655012008
201811_16,1036031,117564,0,0,0,0.0,1.0,0.0,0.0,0.0,0.0,0.0,0.0,0.0,1.0,0,0,0,0,0,0,34989.86630066023
201812_1,976580,114312,0,0,0,1.0,0.0,1.0,0.0,0.0,0.0,0.0,0.0,0.0,0.0,0,0,0,0,0,0,194300.53233156796
201812_2,976580,114312,0,0,0,0.0,1.0,1.0,0.0,0.0,0.0,0.0,0.0,0.0,0.0,0,0,0,0,0,0,165679.90783410138
201812_3,976580,114312,0,0,0,1.0,0.0,0.0,1.0,0.0,0.0,0.0,0.0,0.0,0.0,0,0,0,0,0,0,24664.264519749355
201812_4,976580,114312,0,0,0,0.0,1.0,0.0,1.0,0.0,0.0,0.0,0.0,0.0,0.0,0,0,0,0,0,0,20248.278744000432
201812_5,976580,114312,0,0,0,1.0,0.0,0.0,0.0,1.0,0.0,0.0,0.0,0.0,0.0,0,0,0,0,0,0,209604.75757802
201812_6,976580,114312,0,0,0,0.0,1.0,0.0,0.0,1.0,0.0,0.0,0.0,0.0,0.0,0,0,0,0,0,0,117309.7230236584
201812_7,976580,114312,0,0,0,1.0,0.0,0.0,0.0,0.0,1.0,0.0,0.0,0.0,0.0,0,0,0,0,0,0,69252.22987988664
201812_8,976580,114312,0,0,0,0.0,1.0,0.0,0.0,0.0,1.0,0.0,0.0,0.0,0.0,0,0,0,0,0,0,57502.85205337479
201812_9,976580,114312,0,0,0,1.0,0.0,0.0,0.0,0.0,0.0,1.0,0.0,0.0,0.0,0,0,0,0,0,0,13869.638195549216
201812_10,976580,114312,0,0,0,0.0,1.0,0.0,0.0,0.0,0.0,1.0,0.0,0.0,0.0,0,0,0,0,0,0,13288.083164693817
201812_11,976580,114312,0,0,0,1.0,0.0,0.0,0.0,0.0,0.0,0.0,1.0,0.0,0.0,0,0,0,0,0,0,28327.20661125803
201812_12,976580,114312,0,0,0,0.0,1.0,0.0,0.0,0.0,0.0,0.0,1.0,0.0,0.0,0,0,0,0,0,0,28317.36278757096
201812_13,976580,114312,0,0,0,1.0,0.0,0.0,0.0,0.0,0.0,0.0,0.0,1.0,0.0,0,0,0,0,0,0,9803.706340548506
201812_14,976580,114312,0,0,0,0.0,1.0,0.0,0.0,0.0,0.0,0.0,0.0,1.0,0.0,0,0,0,0,0,0,9489.805265876732
201812_15,976580,114312,0,0,0,1.0,0.0,0.0,0.0,0.0,0.0,0.0,0.0,0.0,1.0,0,0,0,0,0,0,40226.85653677006
201812_16,976580,114312,0,0,0,0.0,1.0,0.0,0.0,0.0,0.0,0.0,0.0,0.0,1.0,0,0,0,0,0,0,35757.23354965455
